category,contracts_with,pct_contracts,spans,pct_of_spans,spans_per_contract,median_span_words,rare
Document Name,408,100.0,419,3.7,1.03,3.0,False
Parties,407,99.75490196078431,2011,18.0,4.94,2.0,False
Agreement Date,377,92.40196078431373,383,3.4,1.02,3.0,False
Governing Law,354,86.76470588235294,374,3.3,1.06,29.0,False
Expiration Date,335,82.1078431372549,384,3.4,1.15,31.0,False
Effective Date,320,78.43137254901961,363,3.2,1.13,4.0,False
Anti-Assignment,302,74.01960784313725,517,4.6,1.71,35.0,False
Cap On Liability,231,56.61764705882353,554,5.0,2.4,49.0,False
License Grant,205,50.245098039215684,642,5.7,3.13,53.0,False
Audit Rights,176,43.13725490196079,538,4.8,3.06,40.0,False
Termination For Convenience,154,37.745098039215684,205,1.8,1.33,27.0,False
Post-Termination Services,153,37.5,368,3.3,2.41,59.0,False
Renewal Term,150,36.76470588235294,179,1.6,1.19,44.0,False
Exclusivity,147,36.029411764705884,332,3.0,2.26,45.5,False
Insurance,134,32.84313725490196,443,4.0,3.31,38.0,False
Minimum Commitment,133,32.59803921568628,336,3.0,2.53,42.5,False
Revenue/Profit Sharing,131,32.1078431372549,331,3.0,2.53,44.0,False
Non-Transferable License,116,28.431372549019606,255,2.3,2.2,51.0,False
Ip Ownership Assignment,101,24.754901960784313,257,2.3,2.54,51.0,False
Uncapped Liability,98,24.019607843137255,151,1.4,1.54,65.0,False
Non-Compete,96,23.529411764705884,200,1.8,2.08,45.0,False
Change Of Control,95,23.284313725490197,191,1.7,2.01,50.0,False
Notice Period To Terminate Renewal,95,23.284313725490197,104,0.9,1.09,46.5,False
Covenant Not To Sue,76,18.627450980392158,129,1.2,1.7,46.0,False
Rofr/Rofo/Rofn,68,16.666666666666668,299,2.7,4.4,52.0,False
Volume Restriction,65,15.931372549019608,136,1.2,2.09,38.0,False
Warranty Duration,65,15.931372549019608,157,1.4,2.42,39.0,False
Competitive Restriction Exception,60,14.705882352941176,98,0.9,1.63,56.5,False
Irrevocable Or Perpetual License,57,13.970588235294118,142,1.3,2.49,68.5,False
No-Solicit Of Employees,49,12.009803921568627,73,0.7,1.49,55.0,False
Liquidated Damages,47,11.519607843137255,98,0.9,2.09,47.5,False
Affiliate License-Licensee,47,11.519607843137255,88,0.8,1.87,80.0,False
Joint Ip Ownership,39,9.558823529411764,101,0.9,2.59,45.0,True
Non-Disparagement,31,7.598039215686274,53,0.5,1.71,34.0,True
No-Solicit Of Customers,27,6.617647058823529,43,0.4,1.59,34.0,True
Third Party Beneficiary,26,6.372549019607843,28,0.3,1.08,31.0,True
Most Favored Nation,25,6.127450980392157,35,0.3,1.4,60.0,True
Affiliate License-Licensor,17,4.166666666666667,49,0.4,2.88,80.0,True
Price Restrictions,15,3.676470588235294,27,0.2,1.8,46.0,True
Unlimited/All-You-Can-Eat-License,14,3.4313725490196076,26,0.2,1.86,43.5,True
Source Code Escrow,12,2.9411764705882355,61,0.5,5.08,38.0,True
